"","Author_username","cntNeg","UserScore","ContentScore","cntTot","InfluenceScore","SentimentScore","cntNeu","cntPos"
"1","wdbthree",0,118.666666666667,53,1,49,50,1,0
"2","dboozeman",0,125.666666666667,48,1,61,50,1,0
"3","robbwinkle",0,100.666666666667,56,1,28,50,1,0
"4","takayaserakaki",0,109.666666666667,41,1,52,50,1,0
"5","tavisyeung",0,99.6666666666667,60,1,23,50,1,0
"6","kimobbink",0,87.6666666666667,52,2,19,50,2,0
"7","anupam222",0,89.6666666666667,41,2,32,50,2,0
"8","greencognito",0,117.666666666667,50,1,51,50,1,0
"9","ashliving",0,121.666666666667,57,1,32,98,0,1
"10","caseyissocial",0,128.666666666667,51,1,61,50,1,0
"11","healthrunning",1,106.666666666667,58,2,40,26,1,0
"12","kristamuir",0,114.666666666667,51,1,31,98,0,1
"13","buzzune",0,93.6666666666667,51,1,26,50,1,0
"14","ronaldmiller",1,107.666666666667,58,1,49,2,0,0
"15","venuganganna",1,29.6666666666667,4,1,25,2,0,0
"16","pwcadvisory",0,143.666666666667,52,1,59,98,0,1
"17","netbuilderuk",0,113.666666666667,45,1,36,98,0,1
"18","fugoji",0,126.666666666667,43,1,51,98,0,1
"19","byod_news",1,122.666666666667,50,2,64,26,1,0
"20","3share",0,116.666666666667,57,1,43,50,1,0
"21","missfittbritt",0,128.666666666667,60,1,52,50,1,0
"22","futurebranch",0,50.9393939393939,7.27272727272727,1,27,50,1,0
"23","inmydrms",0,125.666666666667,52,1,41,98,0,1
"24","lakssundar",0,119.666666666667,60,1,43,50,1,0
"25","edotealdi",0,100.666666666667,52,1,16,98,0,1
"26","startupantalya",0,89.6666666666667,40,1,33,50,1,0
"27","anggerschlyzer",1,113.666666666667,56,1,57,2,0,0
"28","kevingarciaau",0,110.666666666667,46,1,48,50,1,0
"29","vernievw",0,83,45,3,16,66,2,1
"30","nunaveen",0,76.6666666666667,45,1,15,50,1,0
"31","scottkagawa",0,113.666666666667,43,1,54,50,1,0
"32","markapolly",0,128.666666666667,54,2,42,98,0,2
"33","pascaltchagba",0,110.666666666667,49,1,29,98,0,1
"34","content_agent",0,140.666666666667,58,1,50,98,0,1
"35","stephanmarkting",0,100.666666666667,48,1,20,98,0,1
"36","sykesjs",0,107.666666666667,45,2,38,74,1,1
"37","haydee",0,110,47,3,41,66,2,1
"38","toddwfisk",0,99.6666666666667,40,1,43,50,1,0
"39","jacoago",0,124.666666666667,51,1,41,98,0,1
"40","heatheredchic",0,120.666666666667,48,1,40,98,0,1
"41","amfawaz",0,140.666666666667,57,1,51,98,0,1
"42","kmb9478",0,98.6666666666667,56,1,10,98,0,1
"43","chimoc1997",0,93.6666666666667,49,1,28,50,1,0
"44","lindydreyer",1,117.121212121212,55,11,44,54.3636363636364,8,2
"45","vibes",0,140.666666666667,59,2,57,74,1,1
"46","stevewirig",0,132.666666666667,50,1,50,98,0,1
"47","emmyaras",0,99.6666666666667,47,1,36,50,1,0
"48","plannersphere",1,110.666666666667,56,1,54,2,0,0
"49","selusava",0,131.666666666667,50,1,49,98,0,1
"50","luisamendola",1,81.6666666666667,44,1,37,2,0,0
"51","dspalding13",0,105.666666666667,48,1,41,50,1,0
"52","vesilena2",0,99.6666666666667,60,2,15,74,1,1
"53","smbrannon",0,92.6666666666667,40,2,28,74,1,1
"54","monogramgroup",0,62.9166666666667,1.25,1,45,50,1,0
"55","johnalvahcoe",0,128.666666666667,56,1,40,98,0,1
"56","gklebus",0,129,54,3,53,66,2,1
"57","carafnparrish",2,132,48,6,70,42,3,1
"58","brightedge",0,112.666666666667,45,2,51,50,2,0
"59","joannwayman",0,104.666666666667,43,1,45,50,1,0
"60","iamamitabhdg",0,119.666666666667,47,1,40,98,0,1
"61","runnersdeity",0,90.6666666666667,56,1,18,50,1,0
"62","diiiiiiiiiiiio",0,86.6666666666667,47,1,23,50,1,0
"63","jennifer_73_yh",0,91.6666666666667,47,2,20,74,1,1
"64","thetileapp",0,153.666666666667,57,1,64,98,0,1
"65","natterbubs",1,121.666666666667,57,4,44,62,1,2
"66","marktack",0,129.666666666667,52,4,53,74,2,2
"67","danellejohns",0,118.666666666667,49,1,53,50,1,0
"68","danieljtruman",0,96.6666666666667,40,1,40,50,1,0
"69","dickydrink",0,102.666666666667,42,1,44,50,1,0
"70","davelloyd1",0,88.75,2.08333333333333,1,54,98,0,1
"71","alizashoop",0,94.6666666666667,45,4,21,86,1,3
"72","twentworth12",0,151.666666666667,56,1,63,98,0,1
"73","linchpinseo",1,125.888888888889,59,18,44,68.6666666666667,9,8
"74","saritharsingh",0,135.666666666667,53,1,50,98,0,1
"75","cumula3",1,51.6666666666667,41,1,10,2,0,0
"76","trippbraden",0,127.666666666667,45,1,66,50,1,0
"77","victoriagates81",0,105.666666666667,40,1,49,50,1,0
"78","candylabtweets",0,110.666666666667,48,6,38,74,3,3
"79","oakwood_agency",0,120.666666666667,60,1,44,50,1,0
"80","dtkangni",0,91.6666666666667,40,32,29,68,20,12
"81","brianau",0,118.666666666667,55,1,47,50,1,0
"82","vmoblive",0,120.666666666667,43,1,45,98,0,1
"83","william_garrow",0,105.666666666667,54,1,35,50,1,0
"84","jdersh",5,117.428571428571,50,21,50,52.2857142857143,10,6
"85","drnatalie",0,128.666666666667,42,2,62,74,1,1
"86","matt_scharf",0,122.066666666667,58,5,41,69.2,3,2
"87","mktgupdate",0,130.666666666667,59,2,55,50,2,0
"88","thepizzasavior",0,101.666666666667,48,1,21,98,0,1
"89","statsocial",0,146.666666666667,55,1,59,98,0,1
"90","conversant",0,128.666666666667,54,1,42,98,0,1
"91","jessiedawson",0,34.8888888888889,2.22222222222222,1,16,50,1,0
"92","senseen",0,78.4848484848485,1.81818181818182,1,44,98,0,1
"93","salmcd",0,126.666666666667,52,1,42,98,0,1
"94","cpgpeople",0,126.666666666667,48,1,46,98,0,1
"95","candice_so",0,108.666666666667,41,1,51,50,1,0
"96","mktgnutz",0,134.666666666667,56,8,58,62,6,2
"97","ipacso",1,125.666666666667,57,2,52,50,0,1
"98","melissaasolomon",0,95.6666666666667,42,1,21,98,0,1
"99","graphc_designer",0,66.1111111111111,4.44444444444444,1,29,98,0,1
"100","jenn_chan91",0,81.3333333333333,41,3,13,82,1,2
"101","spencerescott",0,136.666666666667,60,1,60,50,1,0
"102","wilcoxaj",0,136.666666666667,55,4,53,86,1,3
"103","valuhree_color",0,130.666666666667,50,2,48,98,0,2
"104","geoffreysweeks",1,102.666666666667,47,1,55,2,0,0
"105","besttpictures",0,128.666666666667,57,1,55,50,1,0
"106","auditecture",0,119.666666666667,54,1,49,50,1,0
"107","beingmattwalter",0,93.6666666666667,48,1,29,50,1,0
"108","mbruin554",1,76.6666666666667,43,1,33,2,0,0
"109","adrian_54_",0,120.666666666667,49,2,47,74,1,1
"110","ipointsys",0,91.6666666666667,40,1,35,50,1,0
"111","markkorey",2,103,44,6,45,42,3,1
"112","michelejkiss",0,132.666666666667,59,8,51,68,5,3
"113","duvvuri_s",1,81.8666666666667,48,5,14,59.6,2,2
"114","holapuk",0,59.75,2.08333333333333,1,41,50,1,0
"115","chrisrbowler",0,121,46,3,53,66,2,1
"116","emilycalexander",0,85.6666666666667,42,1,27,50,1,0
"117","maordp",0,137.666666666667,58,1,47,98,0,1
"118","ldcreativemedia",0,121.666666666667,43,1,46,98,0,1
"119","pinonatalie",0,109.666666666667,44,3,49,50,3,0
"120","amgoulet",0,94.6666666666667,52,1,26,50,1,0
"121","ohhsocialmedia",1,112.666666666667,60,1,52,2,0,0
"122","joedmarti",0,132.333333333333,45,3,60,82,1,2
"123","yourwebsupport",0,57.2549019607843,10.5882352941176,1,14,98,0,1
"124","mobilnegyed",0,114.666666666667,53,1,29,98,0,1
"125","jordankasteler",0,136.666666666667,46,2,66,74,1,1
"126","hemspatel_",0,64.8205128205128,6.15384615384615,1,42,50,1,0
"127","gus_pip",0,113.666666666667,47,1,34,98,0,1
"128","damien_lefebvre",0,122.666666666667,43,1,47,98,0,1
"129","spandit9",0,92.6666666666667,59,3,17,50,3,0
"130","icidigital",0,113.666666666667,58,2,23,98,0,2
"131","hackjack",0,140.666666666667,58,1,50,98,0,1
"132","webalicious",0,138.333333333333,50,3,61,82,1,2
"133","darrg10",0,106.666666666667,54,1,36,50,1,0
"134","goncatelli",0,131.666666666667,52,1,63,50,1,0
"135","tnapikoski",1,91,57,3,12,66,0,2
"136","uipros",0,109.666666666667,54,1,23,98,0,1
"137","gabb632011",0,91.6666666666667,48,1,11,98,0,1
"138","jordanroseg",0,114.666666666667,47,1,35,98,0,1
"139","pichappy1",0,69.4848484848485,1.81818181818182,1,35,98,0,1
"140","jenniferwills13",0,98.6666666666667,50,1,16,98,0,1
"141","jiandamonique",0,130.666666666667,55,1,43,98,0,1
"142","tom_pelczar",0,128.666666666667,56,1,40,98,0,1
"143","doughall813",0,40.2051282051282,1.53846153846154,1,22,50,1,0
"144","missbarrikaleem",0,68.6666666666667,42,1,10,50,1,0
"145","jaikrisponnapan",0,134.666666666667,59,1,59,50,1,0
"146","garyyukon",0,98.6666666666667,57,1,25,50,1,0
"147","benpattee",1,76.3333333333333,42,3,23,34,2,0
"148","conductor",0,141.666666666667,57,1,52,98,0,1
"149","localsocial",1,101.666666666667,57,1,44,2,0,0
"150","sakuraai",1,87.6666666666667,40,1,47,2,0,0
"151","imadridbenito",0,124.666666666667,53,1,39,98,0,1
"152","tkerekes",0,76.6666666666667,45,1,15,50,1,0
"153","web_analytician",0,89.6666666666667,58,1,15,50,1,0
"154","cohenmoises",0,115.666666666667,42,2,49,74,1,1
"155","joseimprime",0,131.666666666667,54,1,45,98,0,1
"156","amberjonesmktg",0,98.7777777777778,1.11111111111111,1,65,98,0,1
"157","gcanania",1,93.9523809523809,47,7,28,56.8571428571429,4,2
"158","brucelefebvre",0,114.666666666667,50,2,40,74,1,1
"159","lpersona",0,90.6666666666667,51,1,23,50,1,0
"160","minicooper",0,136.666666666667,53,1,51,98,0,1
"161","ptrennes",0,117.666666666667,57,1,44,50,1,0
"162","clickmediauk",0,131.666666666667,51,1,48,98,0,1
"163","rudyfidalgo",0,103.666666666667,53,1,18,98,0,1
"164","mpstacey",0,107.666666666667,46,1,29,98,0,1
"165","shekhargowda",0,96.6666666666667,43,1,37,50,1,0
"166","tmmdata",0,120.666666666667,58,4,30,98,0,4
"167","alexgous",0,109.666666666667,36,1,57,50,1,0
"168","melindadunne",0,131.666666666667,48,1,67,50,1,0
"169","susanadossants",0,118.666666666667,43,2,59,50,2,0
"170","crmsharepoint",0,108.666666666667,42,1,34,98,0,1
"171","lisalacy",0,126.666666666667,47,1,47,98,0,1
"172","h3bk11",0,135.333333333333,49,3,59,82,1,2
"173","lisafilipek",0,110.666666666667,40,2,38,98,0,2
"174","agilitytweet",0,105.666666666667,45,1,28,98,0,1
"175","trillmaticrt",0,134.666666666667,52,1,50,98,0,1
"176","chantaldougan",0,131.666666666667,52,1,47,98,0,1
"177","kid_philosophy",0,100.666666666667,57,1,11,98,0,1
"178","mattpurwin",0,87.6666666666667,41,2,22,74,1,1
"179","phillip_schmidt",0,75.6666666666667,46,1,13,50,1,0
"180","mt_digital",0,129,58,3,49,66,2,1
"181","whatsyouravocad",0,131.666666666667,44,1,55,98,0,1
"182","tanyat",0,108.666666666667,54,1,22,98,0,1
"183","adobesocial",2,136.52380952381,60,14,53,70.5714285714286,4,8
"184","jeffchasin",0,110.666666666667,50,1,44,50,1,0
"185","campaignliveus",0,122.666666666667,45,1,61,50,1,0
"186","paolaerin",0,104.666666666667,43,4,37,74,2,2
"187","mevanhead",0,81.6666666666667,51,1,14,50,1,0
"188","socialbies",0,98.6666666666667,55,2,19,74,1,1
"189","ramisantrisi",0,87.6666666666667,52,3,19,50,3,0
"190","daveycookie",0,105.666666666667,51,1,22,98,0,1
"191","sweetspot",0,126.666666666667,41,2,53,98,0,2
"192","kdeininger4",0,76.6666666666667,46,1,14,50,1,0
"193","justiceerolin",0,124.666666666667,55,1,53,50,1,0
"194","mgershoff",0,121.666666666667,57,1,48,50,1,0
"195","chrispulley",0,135.666666666667,60,1,59,50,1,0
"196","conexio_group",0,85.6666666666667,51,1,18,50,1,0
"197","adamgreco",0,131.666666666667,58,2,49,74,1,1
"198","cmo_com",0,135.666666666667,50,1,69,50,1,0
"199","xcelacore",0,99.6666666666667,60,1,23,50,1,0
"200","jakefuller",0,132.666666666667,58,1,58,50,1,0
"201","surdellpartners",0,129.666666666667,59,1,38,98,0,1
"202","greendotmike",0,113.666666666667,49,1,48,50,1,0
"203","shadevaughn",0,113.666666666667,56,1,41,50,1,0
"204","squarepegtechie",0,42.6666666666667,12,1,14,50,1,0
"205","fibashfulbee",0,134.666666666667,59,1,43,98,0,1
"206","japhydean",0,99.6666666666667,41,1,26,98,0,1
"207","opinionlab",1,108.666666666667,54,2,46,26,1,0
"208","ton_magee",0,99.6666666666667,43,2,40,50,2,0
"209","e_oli_r",1,86.6666666666667,46,1,40,2,0,0
"210","sashaverbitsky",1,106.666666666667,54,2,44,26,1,0
"211","archerpilot67f",0,44.843137254902,1.17647058823529,1,11,98,0,1
"212","alexkli",0,66.6666666666667,40,1,10,50,1,0
"213","xsive1",0,28.6274509803922,1.96078431372549,1,10,50,1,0
"214","thejosephsiegel",0,129.666666666667,49,1,48,98,0,1
"215","lnguyencohen",1,41.7948717948718,5.12820512820513,1,36,2,0,0
"216","cityofcarol",0,118.666666666667,51,1,51,50,1,0
"217","qubitpaul",2,86.6666666666667,43,2,43,2,0,0
"218","niamh93o",0,102.666666666667,44,1,42,50,1,0
"219","elisabethos",1,132.666666666667,46,8,62,74,2,5
"220","fordknowlton",0,126.666666666667,50,1,60,50,1,0
"221","cyndimaupin",0,100.666666666667,44,1,24,98,0,1
"222","nmattera",2,109.666666666667,49,2,60,2,0,0
"223","greatprtweets",0,70.8205128205128,6.15384615384615,1,48,50,1,0
"224","micwood1978",0,94.6666666666667,51,1,11,98,0,1
"225","fgpbrito",0,87.6666666666667,47,1,24,50,1,0
"226","cookjmc",0,126.666666666667,48,1,46,98,0,1
"227","swordwanderer",0,112.666666666667,47,1,49,50,1,0
"228","datzoom_prs",0,62.6666666666667,8,1,38,50,1,0
"229","nofrieschip",0,125.666666666667,53,1,56,50,1,0
"230","iama3k",0,88.6666666666667,43,1,13,98,0,1
"231","katefenner",0,99.6666666666667,46,1,21,98,0,1
"232","ccattoen",0,91.6666666666667,40,1,19,98,0,1
"233","jesse_pessy",0,101.666666666667,53,1,16,98,0,1
"234","ideasthatspread",1,103.866666666667,41,5,43,59.6,2,2
"235","stratigent",0,113.666666666667,43,2,46,74,1,1
"236","ty_frank",0,136.666666666667,53,8,57,80,3,5
"237","thealphageek",0,83.6666666666667,41,1,10,98,0,1
"238","author_jeff",0,133.666666666667,59,1,58,50,1,0
"239","benkepes",2,105.666666666667,44,2,61,2,0,0
"240","kevinjfowler",0,109.666666666667,40,1,53,50,1,0
"241","courtneyghuber",0,126.666666666667,57,1,37,98,0,1
"242","vml",0,144.666666666667,53,1,59,98,0,1
"243","dailyxyz",0,118.666666666667,40,1,46,98,0,1
"244","anita50j",0,102.666666666667,47,1,23,98,0,1
"245","jodyma",0,97.6666666666667,53,1,28,50,1,0
"246","josefdez__",0,111.666666666667,59,1,36,50,1,0
"247","colleenbaguley",0,79.6666666666667,53,1,10,50,1,0
"248","sothgroup",0,94.6666666666667,48,1,30,50,1,0
"249","rosettamktg",0,133.666666666667,54,5,63,50,5,0
"250","tombeeby",0,110.666666666667,54,2,32,74,1,1
"251","chrishaleua",0,130.666666666667,50,2,56,74,1,1
"252","javomzt",0,103.666666666667,49,2,30,74,1,1
"253","ielseelisabeth",0,91.6666666666667,46,1,29,50,1,0
"254","t_kohlberg",0,93.6666666666667,52,6,25,50,6,0
"255","webjaxon",0,84.6666666666667,58,1,10,50,1,0
"256","santoshkrishna",0,120.666666666667,52,1,52,50,1,0
"257","adobe_ar",0,113.666666666667,47,2,42,74,1,1
"258","roballen73",0,96.6666666666667,51,1,29,50,1,0
"259","sameercharles",0,83.6666666666667,43,1,24,50,1,0
"260","adobetarget",0,115.866666666667,48,5,48,59.6,4,1
"261","robersoncard",0,96.6666666666667,44,1,36,50,1,0
"262","socialzoomfactr",0,117,46,3,49,66,2,1
"263","iotconnection",1,38.2051282051282,1.53846153846154,1,36,2,0,0
"264","allymiller_50",0,114,57,6,35,66,4,2
"265","therealtomdeal",0,101.666666666667,49,1,36,50,1,0
"266","jasonbudelmann",0,124.666666666667,52,1,40,98,0,1
"267","parsimoniousp",0,127.666666666667,58,1,53,50,1,0
"268","rapportagency",0,117.666666666667,57,1,44,50,1,0
"269","linkdex",0,116.666666666667,44,1,56,50,1,0
"270","adobenz",0,122.666666666667,56,4,42,74,2,2
"271","thomaspower",0,169.666666666667,59,1,78,98,0,1
"272","norma_nnn",0,134.666666666667,57,1,45,98,0,1
"273","joshcrossman",0,99.6666666666667,54,2,29,50,2,0
"274","itellstoriesnz",2,70,47,3,17,18,1,0
"275","donhart",0,124.666666666667,52,1,40,98,0,1
"276","teddyhk",0,129,45,3,62,66,2,1
"277","adroll",0,124,42,3,60,66,2,1
"278","cmooreclarity",0,133.666666666667,53,1,48,98,0,1
"279","dberkholz",1,120.666666666667,57,1,63,2,0,0
"280","mjassal",0,135.666666666667,52,3,51,98,0,3
"281","radicalresearch",0,105.666666666667,48,1,41,50,1,0
"282","mcnabb_kyle",0,119.666666666667,60,1,43,50,1,0
"283","mikesax",0,135.666666666667,56,1,47,98,0,1
"284","obeniflah",1,94.6666666666667,49,1,45,2,0,0
"285","ramonitabisset",0,115.666666666667,44,1,55,50,1,0
"286","elitewebtraffic",0,89.2549019607843,10.5882352941176,1,46,98,0,1
"287","iscottdate",0,34.4444444444444,2.77777777777778,1,15,50,1,0
"288","mayte_eme",0,106.666666666667,42,2,40,74,1,1
"289","ciandt",0,107.666666666667,47,2,44,50,2,0
"290","jccjhiggins",2,126.666666666667,49,11,61,50,7,2
"291","peterkrmpotic",0,104.666666666667,41,1,47,50,1,0
"292","apalla",0,78.6666666666667,47,1,15,50,1,0
"293","caronhohner",1,109.666666666667,60,1,49,2,0,0
"294","christinebailey",0,117.666666666667,41,1,44,98,0,1
"295","webtweetcom",1,108.666666666667,57,1,51,2,0,0
"296","justbdubs",0,124.666666666667,47,1,45,98,0,1
"297","s2mdigital",0,120.666666666667,42,1,46,98,0,1
"298","seixasdan",0,77.6666666666667,48,1,13,50,1,0
"299","edellnoha",0,102.666666666667,60,1,26,50,1,0
"300","adobe",0,107.666666666667,1,1,90,50,1,0
"301","ndrhnorruddin",0,86.6666666666667,48,1,22,50,1,0
"302","kpande",0,97.6666666666667,41,1,24,98,0,1
"303","dazzarito",2,80,51,3,23,18,1,0
"304","talkgregate",0,102.266666666667,55,5,21,78.8,2,3
"305","monaaskalani",0,76.6666666666667,42,2,10,74,1,1
"306","powerpuffyvette",0,80.6666666666667,43,1,21,50,1,0
"307","pinkmama68",0,124.666666666667,45,1,63,50,1,0
"308","nikolaou_marina",0,114.666666666667,45,1,37,98,0,1
"309","wkeithwatkins",0,79.6666666666667,51,2,12,50,2,0
"310","gatorsmp",1,68.6666666666667,40,2,12,50,0,1
"311","kenkchow",1,127.333333333333,46,6,62,58,3,2
"312","ensighten",0,136.666666666667,48,2,56,98,0,2
"313","chadwarren",1,118.666666666667,53,4,49,50,2,1
"314","joshchavis65",0,90.6666666666667,42,1,32,50,1,0
"315","mzuna",0,123.666666666667,57,1,50,50,1,0
"316","thinkbonfire",0,127.666666666667,53,1,58,50,1,0
"317","bballmwall",0,102.666666666667,42,1,44,50,1,0
"318","brettfritz",0,123.666666666667,48,1,43,98,0,1
"319","nikolaygb",0,115.666666666667,40,1,43,98,0,1
"320","davidjacksons2m",0,109.666666666667,43,1,34,98,0,1
"321","makavanagh",0,128.466666666667,57,5,42,88.4,1,4
"322","blakenagel",0,106.666666666667,58,1,32,50,1,0
"323","bradrencher",0,130.666666666667,51,1,47,98,0,1
"324","asinawi",0,139.666666666667,53,1,54,98,0,1
"325","mikequinn",0,119,48,3,49,66,2,1
"326","drewtburns",0,104.666666666667,49,10,31,74,5,5
"327","brettsinn",0,98.6666666666667,41,1,41,50,1,0
"328","giancrown",0,126.666666666667,43,1,51,98,0,1
"329","srpatrizioo",0,62.3333333333333,6.66666666666667,1,39,50,1,0
"330","reachaditya",1,88.6666666666667,40,1,48,2,0,0
"331","darkjedi2012",0,37.3333333333333,6.66666666666667,1,14,50,1,0
"332","furau__koujiro",0,118.666666666667,57,1,45,50,1,0
"333","samantha_yeunq",3,75.4444444444444,44,18,13,55.3333333333333,10,5
"334","proberto98",0,104.666666666667,47,1,41,50,1,0
"335","cellardoordigi",1,98.6666666666667,56,2,34,26,1,0
"336","4point_",0,90.6666666666667,52,1,22,50,1,0
"337","audreyhungerman",0,113.666666666667,53,1,44,50,1,0
"338","doggylover1011",0,40.140350877193,9.47368421052632,1,14,50,1,0
"339","michaeldhealy",0,113.666666666667,53,1,44,50,1,0
"340","dandubb",0,88.6666666666667,41,1,31,50,1,0
"341","jlozanohr",0,105.666666666667,44,1,29,98,0,1
"342","jf0wler186",0,146.666666666667,59,1,55,98,0,1
"343","alewnes",0,121.666666666667,50,1,55,50,1,0
"344","shonstet",0,120.666666666667,57,1,31,98,0,1
"345","shirokovd",0,106.666666666667,42,2,40,74,1,1
"346","gattyd",0,90.6666666666667,54,1,20,50,1,0
"347","domnicastro",0,127.666666666667,52,3,43,98,0,3
"348","sliewehr",0,128.666666666667,52,1,60,50,1,0
"349","eliotjohnson",0,120.666666666667,55,1,49,50,1,0
"350","greengirlmedia",0,60.2051282051282,1.53846153846154,1,42,50,1,0
"351","mlane2000",1,83.6666666666667,43,1,40,2,0,0
"352","guptavadan",0,82.6666666666667,46,1,20,50,1,0
"353","jon_weiss",0,112.333333333333,50,3,35,82,1,2
"354","kathikruse",0,129.666666666667,47,1,66,50,1,0
"355","alexakiel",0,108.666666666667,43,2,41,74,1,1
"356","theblugiant",0,115.666666666667,57,1,42,50,1,0
"357","ashishkhera",0,131.266666666667,56,5,49,78.8,2,3
"358","greeneyesclaire",0,103.666666666667,40,1,47,50,1,0
"359","the1mralexander",0,76.4848484848485,1.81818181818182,1,42,98,0,1
"360","shakilshashaikh",0,83.6666666666667,49,2,10,74,1,1
"361","highoctaneinfo",0,90.047619047619,2.38095238095238,1,55,98,0,1
"362","john_siracusa",1,125.484848484848,43,11,60,67.4545454545455,5,5
"363","stevegustavson",1,116,47,6,47,66,2,3
"364","dvenance",0,107.666666666667,50,1,41,50,1,0
"365","kellymccormick_",0,121.666666666667,45,1,60,50,1,0
"366","tyler_thovson",0,125.666666666667,49,1,60,50,1,0
"367","hadleymichael",0,114.666666666667,48,1,50,50,1,0
"368","carrerasgene1",0,112.666666666667,60,1,36,50,1,0
"369","topedigiworks",0,136.666666666667,43,5,61,98,0,5
"370","alialsoufi",0,107.666666666667,51,1,24,98,0,1
"371","claireychick99",1,97.6666666666667,54,2,27,50,0,1
"372","betz826",1,95.6666666666667,52,4,23,62,1,2
"373","whitleygaffney",2,101,41,3,54,18,1,0
"374","jkurian77",0,125.666666666667,48,4,53,74,2,2
"375","acoquem",0,88.6666666666667,48,2,16,74,1,1
"376","ebg1080",0,134.666666666667,59,2,51,74,1,1
"377","abbywatzke",0,129.666666666667,46,2,51,98,0,2
"378","deloittedigi_us",0,130.666666666667,50,4,56,74,2,2
"379","dbuckmaster",0,52.5185185185185,1.85185185185185,1,34,50,1,0
"380","johnhossack",1,41.843137254902,1.17647058823529,2,32,26,1,0
"381","csocialmedia_ag",0,137.666666666667,58,1,47,98,0,1
"382","tomfeary",0,127.666666666667,47,1,48,98,0,1
"383","tomgerace",0,127.666666666667,45,3,66,50,3,0
"384","adobekorea",1,108.666666666667,46,2,54,26,1,0
"385","sarahfoley01",1,76.6666666666667,42,2,26,26,1,0
"386","ajsimm",0,112.666666666667,50,1,46,50,1,0
"387","stevemstone",1,58.6666666666667,40,1,18,2,0,0
"388","billross",2,125.786666666667,41,25,63,65.36,13,10
"389","ommy1282",0,95.6666666666667,48,1,31,50,1,0
"390","mneiderjr",1,125.666666666667,60,2,49,50,0,1
"391","sky_tools",0,136.666666666667,56,1,48,98,0,1
"392","nm_edm",2,108.435897435897,45,13,48,46.3076923076923,10,1
"393","timcnicholson",0,122.666666666667,53,1,53,50,1,0
"394","itzfirm",1,84.6666666666667,49,1,35,2,0,0
"395","seveneightyinte",0,107.666666666667,57,1,18,98,0,1
"396","charlotteama",0,120.666666666667,58,1,46,50,1,0
"397","hjmartinez",0,105.666666666667,55,1,18,98,0,1
"398","casseyreynoso",0,96.6666666666667,41,4,27,86,1,3
"399","robert_rose",0,145.666666666667,58,1,71,50,1,0
"400","uskamath",1,116.666666666667,54,16,38,74,6,9
"401","seosavage",0,87.6666666666667,53,5,18,50,5,0
"402","hobocita",0,119.666666666667,44,1,59,50,1,0
"403","juliaamarieee",1,111.866666666667,49,5,43,59.6,2,2
"404","bizteches",0,86.6666666666667,45,2,17,74,1,1
"405","whissocialmedia",0,121.666666666667,50,2,55,50,2,0
"406","jenyacenda",1,87.6666666666667,49,2,30,26,1,0
"407","coughlanelaine",0,108.666666666667,45,1,47,50,1,0
"408","anahatis",0,115.666666666667,42,1,41,98,0,1
"409","c_sutter",0,135.266666666667,52,5,57,78.8,2,3
"410","toddadesign",0,106.666666666667,51,1,39,50,1,0
"411","cmoaustralia",0,117.666666666667,49,3,52,50,3,0
"412","davidmalmborg",0,127.666666666667,50,1,45,98,0,1
"413","siteworx",0,121.666666666667,54,1,51,50,1,0
"414","bsinghk",0,100.666666666667,46,4,22,98,0,4
"415","raccoonlondon",0,91.6666666666667,42,1,33,50,1,0
"416","pmronline",0,81.6666666666667,41,1,24,50,1,0
"417","keensdesign",1,127,40,9,65,66,4,4
"418","mwmikek",1,83.6666666666667,43,1,40,2,0,0
"419","jamiebrighton",0,107.666666666667,41,1,50,50,1,0
"420","brittany_d",0,95.6666666666667,44,3,35,50,3,0
"421","develop_mobile",0,115.666666666667,57,1,42,50,1,0
"422","ajohnston1",0,88.6666666666667,43,1,13,98,0,1
"423","mylifeinimages",1,72.6666666666667,52,1,20,2,0,0
"424","test_ie11",0,107.666666666667,57,1,34,50,1,0
"425","cynt_rec",0,106.666666666667,60,1,14,98,0,1
"426","gluomx",0,101.666666666667,59,1,10,98,0,1
"427","cmodigital",0,108.666666666667,60,1,32,50,1,0
"428","infosys",0,171.666666666667,55,2,84,98,0,2
"429","coleytruman",0,129.666666666667,44,1,53,98,0,1
"430","sevenelevenblue",0,146.666666666667,58,1,56,98,0,1
"431","amandaraz8",0,46.2051282051282,1.53846153846154,1,12,98,0,1
"432","momentologynews",0,133.575757575758,55,11,59,58.7272727272727,9,2
"433","guy_dahan9",0,100.666666666667,52,2,16,98,0,2
"434","bradfriedman",1,126.666666666667,56,4,58,38,3,0
"435","lynnwflabs",0,67.6666666666667,41,1,10,50,1,0
"436","sgomezmerized",0,96.6666666666667,46,2,34,50,2,0
"437","philbskil",0,137.666666666667,48,1,57,98,0,1
"438","hanabatake",0,99.6666666666667,42,2,33,74,1,1
"439","mjr_cubed",2,97.6666666666667,59,7,22,50,3,2
"440","juliovisko",0,152.666666666667,53,1,67,98,0,1
"441","wbendle",0,120.666666666667,48,3,56,50,3,0
"442","jimlundy",0,116.666666666667,40,1,60,50,1,0
"443","rosettacareers",0,113.666666666667,54,1,43,50,1,0
"444","saren",0,107.666666666667,42,1,49,50,1,0
"445","awiesy",1,105.666666666667,44,3,45,50,1,1
"446","lizfurl",0,128.666666666667,41,1,55,98,0,1
"447","m_dellamura02",0,118.666666666667,44,2,42,98,0,2
"448","beal_a",0,110.666666666667,46,1,32,98,0,1
"449","mgautrin",1,100.666666666667,51,1,49,2,0,0
"450","vitoabrusci",1,112.666666666667,57,1,55,2,0,0
"451","chrisceparano",0,110.666666666667,41,1,37,98,0,1
"452","pouncey17",0,126.666666666667,59,2,43,74,1,1
"453","searchmetrics",0,135.333333333333,52,3,56,82,1,2
"454","not_margaret",0,134.666666666667,50,2,60,74,1,1
"455","ninthavelearn",1,104.666666666667,47,2,41,50,0,1
"456","bryanstopp",1,68.6666666666667,54,1,14,2,0,0
"457","fayaz_shadman",0,120.666666666667,57,1,47,50,1,0
"458","ana_e_neumann",0,98.6666666666667,51,3,31,50,3,0
"459","philkemelor",0,110.666666666667,48,5,46,50,5,0
"460","adamvazquez",1,92.6666666666667,50,1,42,2,0,0
"461","allanwoodstrom",0,101.666666666667,42,2,43,50,2,0
"462","vividcolor75",0,94.6666666666667,43,1,35,50,1,0
"463","rafatoon_",0,45.5555555555556,8.88888888888889,1,20,50,1,0
"464","sharadhish",0,36,3.33333333333333,1,16,50,1,0
"465","ramsarma",0,78.6666666666667,42,2,20,50,2,0
"466","joydurling",0,87.6666666666667,46,2,17,74,1,1
"467","hybirdcomm",0,99.6666666666667,48,1,35,50,1,0
"468","mdnsabdou",1,76.6666666666667,55,1,21,2,0,0
"469","keywebird",0,118.333333333333,50,6,41,82,2,4
"470","tritej",0,100.666666666667,50,1,18,98,0,1
"471","gwcummings",0,120.666666666667,45,1,43,98,0,1
"472","dealscape",0,98.6666666666667,41,1,41,50,1,0
"473","patogawa",0,109.666666666667,43,2,50,50,2,0
"474","glenhorsley",0,106.666666666667,51,1,23,98,0,1
"475","notiflux",0,75.4848484848485,1.81818181818182,1,41,98,0,1
"476","ohhkkay",1,84.6666666666667,58,1,26,2,0,0
"477","jenlovessocial",0,48.8333333333333,4.16666666666667,1,12,98,0,1
"478","lizmiller",1,97.6666666666667,52,1,45,2,0,0
"479","adobe_ir",0,82.6666666666667,52,1,14,50,1,0
"480","dennismsmith",0,133.666666666667,55,1,62,50,1,0
"481","connectwjorge",0,145.666666666667,59,1,54,98,0,1
"482","brianjjackson",0,120.666666666667,46,1,58,50,1,0
"483","socialrobin",0,132.666666666667,47,1,53,98,0,1
"484","bistro222slc",0,102.666666666667,57,1,29,50,1,0
"485","pappasv",1,77.6666666666667,45,1,32,2,0,0
"486","pareesha",1,115.666666666667,52,2,55,26,1,0
"487","eham06",0,141.666666666667,53,1,56,98,0,1
"488","adambenson",1,119.666666666667,59,2,52,26,1,0
"489","filterdigital",0,118.666666666667,48,2,46,74,1,1
"490","sarahl38",1,60.6666666666667,42,1,18,2,0,0
"491","joyce_ccx",0,92.6666666666667,44,1,16,98,0,1
"492","steelrz1fan",0,92.6666666666667,56,2,12,74,1,1
"493","mandyemel",0,116.666666666667,53,1,47,50,1,0
"494","nelsoncishugi",0,100.666666666667,49,1,35,50,1,0
"495","ecosystemnps",0,133.333333333333,58,3,48,82,1,2
"496","adobeuttah",0,97.6666666666667,43,1,22,98,0,1
"497","getrealchat",0,131.866666666667,60,10,52,59.6,8,2
"498","nick_and_amanda",0,74,5.33333333333333,1,36,98,0,1
"499","sandylmartin",0,105.666666666667,42,1,47,50,1,0
"500","md_recruits",0,111.666666666667,50,1,29,98,0,1
"501","langitbirupict",0,123.666666666667,59,2,48,50,2,0
"502","thomas_kimura",0,100.666666666667,48,1,20,98,0,1
"503","semisential",0,86.6666666666667,43,2,19,74,1,1
"504","craigkon1",0,59.7083333333333,1.04166666666667,1,42,50,1,0
"505","jonesysb",1,124.561403508772,43,19,59,67.6842105263158,10,8
"506","wishuwerethere",0,103.666666666667,41,1,30,98,0,1
"507","blueiguanaslc",0,83.6666666666667,49,1,18,50,1,0
"508","jmass",1,102.666666666667,41,2,53,26,1,0
"509","marcellocattani",1,83.6666666666667,60,1,23,2,0,0
"510","paulbogacki",0,104.666666666667,54,1,34,50,1,0
"511","brianhewett",0,126.666666666667,51,1,43,98,0,1
"512","benjamingaines",0,125.666666666667,55,1,54,50,1,0
"513","cobaltgypsy",0,125.666666666667,45,2,56,74,1,1
"514","joechasse",0,133.666666666667,58,2,43,98,0,2
"515","marcelboucher",0,113.666666666667,57,1,40,50,1,0
"516","returnpath",0,129.666666666667,58,2,55,50,2,0
"517","lonistark",0,126.666666666667,48,4,54,74,2,2
"518","edwinvgroningen",0,100.666666666667,42,1,42,50,1,0
"519","swipetapsell",0,91.6666666666667,47,2,28,50,2,0
"520","jmartin_design",0,114.666666666667,56,2,34,74,1,1
"521","joshormond",2,105.666666666667,40,13,49,50,9,2
"522","jbhobie",0,88.6666666666667,55,1,17,50,1,0
"523","rymontano",0,129.333333333333,51,3,51,82,1,2
"524","pthis1",0,80.6666666666667,54,1,10,50,1,0
"525","hadasdavid",0,101.666666666667,54,1,15,98,0,1
"526","teamxumak",0,106.666666666667,48,2,34,74,1,1
"527","toncat46",0,99.6666666666667,54,1,13,98,0,1
"528","mickael_b",0,142.666666666667,49,1,61,98,0,1
"529","shacklion",0,80.6666666666667,45,1,19,50,1,0
"530","mediascream",1,68.6666666666667,47,1,21,2,0,0
"531","thegrahamcooke",1,107.666666666667,60,1,47,2,0,0
"532","wardrobeworkout",0,108.666666666667,46,1,46,50,1,0
"533","tim_walters",0,126.666666666667,53,4,53,62,3,1
"534","alyekworld",0,105.666666666667,58,1,15,98,0,1
"535","sa_ya0",0,79.6666666666667,43,2,12,74,1,1
"536","joerghoh",1,83.6666666666667,42,1,41,2,0,0
"537","jackiedeburca",0,132.666666666667,55,1,61,50,1,0
"538","abakusinc",0,102.666666666667,45,1,41,50,1,0
"539","adobe_aus",1,111.266666666667,44,10,49,54.8,7,2
"540","gogoramon",0,144.666666666667,55,2,57,98,0,2
"541","singhsquest",0,126.666666666667,60,1,50,50,1,0
"542","pelint",0,140.666666666667,56,1,52,98,0,1
"543","nikki_traylor",0,35.8888888888889,2.22222222222222,1,17,50,1,0
"544","porteronportal",0,101.666666666667,43,1,42,50,1,0
"545","samjarman",1,93.6666666666667,41,1,52,2,0,0
"546","bdunwood",0,134.666666666667,54,1,48,98,0,1
"547","isocialfanz",0,163.666666666667,50,1,81,98,0,1
"548","cbrettrojas",0,73.6666666666667,45,1,12,50,1,0
"549","dblnd",0,126.666666666667,53,1,41,98,0,1
"550","burkeo",0,136.666666666667,59,1,61,50,1,0
"551","cocacolart",0,119.666666666667,59,1,44,50,1,0
"552","koperwas",0,120.666666666667,50,2,46,74,1,1
"553","adebaptistis",0,83.7777777777778,1.11111111111111,2,58,74,1,1
"554","r2integrated",0,123.666666666667,56,2,51,50,2,0
"555","sarahemurphy75",0,108.666666666667,60,2,24,74,1,1
"556","myb2bsalespros",0,91.6666666666667,58,1,17,50,1,0
"557","rescarzaga",0,125.666666666667,43,1,50,98,0,1
"558","yon3111",1,105.666666666667,49,2,48,26,1,0
"559","karaoconnor",0,117.666666666667,42,1,43,98,0,1
"560","constellationrg",0,124.666666666667,46,1,62,50,1,0
"561","aknecht",0,149.666666666667,55,1,62,98,0,1
"562","uskovic",0,120.666666666667,45,1,59,50,1,0
"563","shoaibalam85",0,95.6666666666667,49,2,22,74,1,1
"564","willie_pena",0,79.6666666666667,46,1,17,50,1,0
"565","martyolivo",0,105.666666666667,47,1,42,50,1,0
"566","kevin_roberts",0,93.6666666666667,56,1,21,50,1,0
"567","chrispena01",0,78.6666666666667,10,1,52,50,1,0
"568","bobvanmanen",0,73.6666666666667,43,1,14,50,1,0
"569","miikap",0,136.666666666667,58,1,46,98,0,1
"570","racerchris09",0,146.666666666667,60,1,54,98,0,1
"571","sato_event",0,34.6666666666667,2,1,16,50,1,0
"572","cassandralallen",0,104,60,3,22,66,2,1
"573","surgemq",0,63.1111111111111,4.44444444444444,1,42,50,1,0
"574","dealersocketcrm",0,119.666666666667,51,1,52,50,1,0
"575","sathishkasthuri",0,99.6666666666667,56,2,11,98,0,2
"576","mattjbrown_ut",0,87.6666666666667,48,1,23,50,1,0
"577","volkerw",1,107.666666666667,58,1,49,2,0,0
"578","alyandruss",0,92.6666666666667,52,1,24,50,1,0
"579","marksatkinson",0,116.666666666667,52,1,32,98,0,1
"580","cindy_palmer",0,97.6666666666667,57,1,24,50,1,0
"581","esedegah",0,107.666666666667,49,1,42,50,1,0
"582","whichtestwon",0,136.666666666667,52,1,52,98,0,1
"583","extrememetal999",0,73.6666666666667,5,1,52,50,1,0
"584","chrystalgrinage",1,93.6666666666667,42,1,51,2,0,0
"585","sylvng",0,123.666666666667,53,1,38,98,0,1
"586","jeffrahn",0,114.666666666667,53,1,45,50,1,0
"587","emmajoan",2,92.6666666666667,44,2,48,2,0,0
"588","jen_innovative",0,124.666666666667,60,1,32,98,0,1
"589","bbrosemer",0,103.666666666667,45,1,42,50,1,0
"590","allwantoo",0,119.666666666667,50,1,37,98,0,1
"591","crabwlerdevelop",0,118.666666666667,43,1,43,98,0,1
"592","paperlotus",0,82.6666666666667,53,1,13,50,1,0
"593","waltherkevin",0,136.666666666667,59,1,61,50,1,0
"594","measurefuture",0,111,42,3,47,66,2,1
"595","jobbuhnetwork",0,123.666666666667,47,1,44,98,0,1
"596","debbieksl",0,115.666666666667,50,1,49,50,1,0
"597","sapientnitro",1,124.666666666667,43,2,65,50,0,1
"598","joshsbaird",0,121.666666666667,47,2,42,98,0,2
"599","cogignana",0,116.666666666667,56,1,44,50,1,0
"600","voodoodan245",0,75.6666666666667,46,1,13,50,1,0
"601","andrewrites",0,104.666666666667,42,1,46,50,1,0
"602","ad0815",1,106.222222222222,52,9,34,60.6666666666667,5,3
"603","jcnsingapore",0,129.666666666667,52,2,61,50,2,0
"604","robvandenberg",0,114.666666666667,48,1,50,50,1,0
"605","life_rant",0,136.666666666667,57,1,63,50,1,0
"606","vanessagiacoman",1,85.6666666666667,51,1,34,2,0,0
"607","melissaonline",0,146.666666666667,58,1,72,50,1,0
"608","chlj",0,117.666666666667,52,1,49,50,1,0
"609","digitalpubrpt",0,113.666666666667,49,1,32,98,0,1
"610","kristenhoch34",0,107.666666666667,53,1,22,98,0,1
"611","smorris75",0,129.666666666667,53,6,52,74,3,3
"612","mycharmedmom",0,127.666666666667,49,1,62,50,1,0
"613","benhutuk",0,68.140350877193,9.47368421052632,1,42,50,1,0
"614","mevans14",0,113.666666666667,46,1,51,50,1,0
"615","socmemultimedia",0,71.9393939393939,7.27272727272727,1,48,50,1,0
"616","myquan14",0,76.6666666666667,48,1,12,50,1,0
"617","itendtoamaze",0,107.666666666667,59,1,32,50,1,0
"618","akshay_sharma73",0,87.6666666666667,45,1,10,98,0,1
"619","janew6",0,89.6666666666667,41,1,32,50,1,0
"620","priya_kriyos",0,75.6666666666667,42,1,17,50,1,0
"621","jjrzut",0,92.6666666666667,41,4,23,86,1,3
"622","jennytrower",0,95.6666666666667,60,1,19,50,1,0
"623","ramzirehaddad",0,98.6666666666667,46,1,36,50,1,0
"624","dylantwilliam",0,101.666666666667,45,1,40,50,1,0
"625","kerridrozd",0,106.666666666667,44,1,46,50,1,0
"626","delucare",0,125.666666666667,46,1,63,50,1,0
"627","w_illi_am",1,126.333333333333,57,12,46,70,5,6
"628","hubscan",0,110.666666666667,58,1,36,50,1,0
"629","juliasoffa",1,77.6666666666667,47,1,30,2,0,0
"630","de_may3",0,119.666666666667,48,1,39,98,0,1
"631","tecnoaficion",0,118,49,3,47,66,2,1
"632","canyouinc",0,46.8888888888889,2.22222222222222,4,28,50,4,0
"633","lisahmacpherson",0,104.666666666667,57,1,15,98,0,1
"634","ameesingh",0,100.666666666667,43,1,41,50,1,0
"635","virtusacorp",0,137.333333333333,51,3,59,82,1,2
"636","tthad",0,122.666666666667,49,1,41,98,0,1
"637","eahoffma",0,129.666666666667,59,1,38,98,0,1
"638","meehan72",0,94.6666666666667,52,1,26,50,1,0
"639","therealeliud",0,82.6666666666667,47,2,19,50,2,0
"640","martinmachin",1,114.666666666667,40,4,50,74,0,3
"641","rehabasogul",0,109.666666666667,41,1,52,50,1,0
"642","gabelee",0,100.333333333333,41,3,32,82,1,2
"643","joshroinut",0,128.666666666667,49,2,55,74,1,1
"644","grivy_business",0,63.8205128205128,6.15384615384615,1,41,50,1,0
"645","mannasnathan",0,118.666666666667,58,1,44,50,1,0
"646","scaladevs",0,60.6666666666667,10,2,34,50,2,0
"647","1ezhost",0,69.140350877193,9.47368421052632,1,43,50,1,0
"648","suryalamech",0,28.75,2.08333333333333,1,10,50,1,0
"649","alexanderplace_",0,122.666666666667,48,1,42,98,0,1
"650","justinramedia",0,91.6666666666667,57,2,10,74,1,1
"651","mrviewthrough",0,97.6666666666667,47,1,18,98,0,1
"652","meheryerramilli",0,96.6666666666667,42,1,38,50,1,0
"653","adobemktgcare",0,125.666666666667,51,2,50,74,1,1
"654","charliebleau",0,83.6666666666667,46,1,21,50,1,0
"655","sandradraganoiu",1,73.6666666666667,53,1,20,2,0,0
"656","hwaseem63",0,123.666666666667,49,3,42,98,0,3
"657","stevecassady",2,133.40350877193,47,19,63,70.2105263157895,7,10
"658","roopsbha",0,103.666666666667,60,1,11,98,0,1
"659","ivanatdell",1,112.666666666667,53,1,59,2,0,0
"660","hollylynnmck",0,130.666666666667,58,1,40,98,0,1
"661","tobymcd",0,107.666666666667,48,1,43,50,1,0
"662","lizasisler",0,131.666666666667,41,3,58,98,0,3
"663","twinstan",0,115.666666666667,60,1,23,98,0,1
"664","bryantgarvin",1,135.866666666667,51,5,65,59.6,2,2
"665","cyrillo",0,109.666666666667,59,1,34,50,1,0
"666","dwzd",0,110,45,3,43,66,2,1
"667","sheriabell",0,128.666666666667,58,2,46,74,1,1
"668","mintigo",0,120.666666666667,42,2,54,74,1,1
"669","adobeanalytics",1,109.333333333333,41,6,49,58,3,2
"670","jvddesign",0,114.666666666667,46,2,52,50,2,0
"671","mrssaralevinson",0,51.6274509803922,1.96078431372549,1,33,50,1,0
"672","insightrocket",1,82.6666666666667,59,1,23,2,0,0
"673","dorgan1983",0,87.6666666666667,41,1,30,50,1,0
"674","ourmaninto",0,144.666666666667,51,1,61,98,0,1
"675","salbertson13",0,101.666666666667,50,1,19,98,0,1
"676","jhammond",0,113.666666666667,42,4,51,62,3,1
"677","johnoeffinger75",0,96.6666666666667,44,1,36,50,1,0
"678","justinstowell",0,116.666666666667,48,1,52,50,1,0
"679","jenngom",0,97.6666666666667,44,1,21,98,0,1
"680","michaelweeding",0,76.1159420289855,1.44927536231884,1,42,98,0,1
"681","mobios",0,113.666666666667,40,1,57,50,1,0
"682","alyce",0,127.666666666667,49,1,46,98,0,1
"683","kellymerran",0,103.666666666667,45,1,42,50,1,0
"684","miguelolartr",0,84.6666666666667,47,1,21,50,1,0
"685","dariancc",1,107.666666666667,43,3,48,50,1,1
"686","howdaniseesit",0,55.4444444444444,2.77777777777778,1,20,98,0,1
"687","naullyn",1,138.066666666667,50,30,65,69.2,16,13
"688","redclayco",0,136.666666666667,53,1,51,98,0,1
"689","lahary_withay",0,102.666666666667,53,4,25,74,2,2
"690","pattytbrown",0,40.3333333333333,1.66666666666667,1,22,50,1,0
"691","margotsaville",1,54.3703703703704,3.7037037037037,1,50,2,0,0
"692","amsokol",0,113.666666666667,55,1,42,50,1,0
"693","michaeljmclaren",0,92.6666666666667,51,1,25,50,1,0
"694","nicomiceli",0,124.333333333333,42,3,55,82,1,2
"695","w3mg_network",0,121.666666666667,54,1,51,50,1,0
"696","rodneycooper",0,69.6666666666667,42,1,11,50,1,0
"697","designbyandrew",0,100.666666666667,47,2,29,74,1,1
"698","digitaloohnews",0,65.8205128205128,6.15384615384615,1,43,50,1,0
"699","marc_meyer",0,114.666666666667,40,2,58,50,2,0
"700","joecarlton",0,83.6666666666667,46,1,21,50,1,0
"701","smallcaravan",0,99.6666666666667,49,1,34,50,1,0
"702","ashleyklepach",0,87.6666666666667,48,1,23,50,1,0
"703","andy216",2,127.666666666667,57,4,54,50,0,2
"704","rauxaagency",0,114.666666666667,40,2,42,98,0,2
"705","manjarwala",1,79.6666666666667,50,1,29,2,0,0
"706","epc",1,98.6666666666667,46,1,52,2,0,0
"707","sidmehta10",0,101.666666666667,51,1,34,50,1,0
"708","klausman0722",1,113.666666666667,50,2,47,50,0,1
"709","vacamorada",0,101.666666666667,46,1,39,50,1,0
"710","labios_jose",0,107.666666666667,49,1,42,50,1,0
"711","pairaces",0,138.666666666667,46,1,60,98,0,1
"712","shawnngu",0,93.6666666666667,44,1,17,98,0,1
"713","carimu",2,102.666666666667,40,8,44,56,3,3
"714","jjoycemanalo",0,122.333333333333,41,3,54,82,1,2
"715","mssonicflare",0,128.666666666667,51,2,53,74,1,1
"716","c_ark87",1,88.6666666666667,42,2,30,50,0,1
"717","gprzyklenk",0,106.666666666667,46,2,44,50,2,0
"718","thetechcrowd",0,104.666666666667,47,1,41,50,1,0
"719","danetrain05",0,133.666666666667,55,1,62,50,1,0
"720","amdouvis",0,87.6666666666667,51,1,20,50,1,0
"721","kenbeaton",0,110.333333333333,55,3,28,82,1,2
"722","lauren_hannah",4,132.333333333333,49,18,64,58,7,7
"723","socialmeninja",0,120.666666666667,48,1,56,50,1,0
"724","networkpdf",0,132.666666666667,52,4,56,74,2,2
"725","yttergren",0,103.666666666667,51,2,36,50,2,0
"726","kkhmatthieu",0,109.666666666667,47,1,46,50,1,0
"727","ma_usmc",0,134.666666666667,48,1,54,98,0,1
"728","denismurphytech",1,103.666666666667,60,1,43,2,0,0
"729","tn_business",0,109.666666666667,41,1,52,50,1,0
"730","doublezy",0,112.666666666667,52,1,44,50,1,0
"731","harrisonia",0,145.666666666667,54,1,59,98,0,1
"732","sixtataraborell",0,124.666666666667,60,1,48,50,1,0
"733","retailgeek",1,131.333333333333,50,6,62,58,3,2
"734","prescotti",0,86.6666666666667,42,2,20,74,1,1
"735","dofornop",1,128.666666666667,47,12,61,62,7,4
"736","jimbohops",0,102.666666666667,60,1,10,98,0,1
"737","chandrak01",1,67.6666666666667,40,1,27,2,0,0
"738","coryhaldeman",0,90.6666666666667,45,1,29,50,1,0
"739","ramona1313",0,112.666666666667,44,1,36,98,0,1
"740","nettabell12",0,97.6666666666667,45,1,36,50,1,0
"741","followgaryg",0,96.3333333333333,42,3,27,82,1,2
"742","sarcactivist",1,100.666666666667,52,1,48,2,0,0
"743","devworah",0,122.666666666667,46,2,44,98,0,2
"744","dkaush",0,110.666666666667,59,2,19,98,0,2
"745","adaste",0,95.6666666666667,48,4,27,62,3,1
"746","mr_madness",2,120,56,3,58,18,1,0
"747","bereanopartners",0,132.666666666667,55,1,61,50,1,0
"748","silodistillery",0,110.666666666667,55,1,39,50,1,0
"749","floramc",0,86.6666666666667,44,1,10,98,0,1
"750","ali_lutje",0,112.666666666667,50,1,30,98,0,1
"751","prftdigitaltech",0,127.666666666667,55,3,40,98,0,3
"752","brentleary",0,116.666666666667,40,1,60,50,1,0
"753","securitymanag_a",1,50.6666666666667,5,1,45,2,0,0
"754","jbatley",0,111.666666666667,48,1,47,50,1,0
"755","danalyticsteam",1,117.666666666667,54,2,47,50,0,1
"756","therealburgo",0,119.666666666667,43,1,44,98,0,1
"757","epilkington",0,140.666666666667,56,2,60,74,1,1
"758","jenpolk1",0,120.666666666667,57,1,47,50,1,0
"759","mlscompanystore",0,134.666666666667,55,1,47,98,0,1
"760","onwebanalytics",0,116,51,3,43,66,2,1
"761","spcpartypatrol",0,116.666666666667,40,2,52,74,1,1
"762","pammktgnut",6,141.380952380952,45,56,74,67.1428571428571,24,26
"763","jbmustin",0,87.1111111111111,4.44444444444444,1,50,98,0,1
"764","brandonjfessler",0,93.6666666666667,58,1,19,50,1,0
"765","valentinejames",0,126.666666666667,44,2,58,74,1,1
"766","imavip",1,98.6666666666667,44,2,46,26,1,0
"767","mrkmciver",0,81.4848484848485,1.81818181818182,1,47,98,0,1
"768","adnh103",1,56.6470588235294,0.980392156862745,2,47,26,1,0
"769","mongerryan",0,74.6666666666667,45,1,13,50,1,0
"770","danielhollerung",0,109.666666666667,51,4,38,62,3,1
"771","lpbouvier",0,88.6666666666667,47,1,25,50,1,0
"772","kris10brashares",0,126.666666666667,54,1,40,98,0,1
"773","scmanjarrez",0,97.6666666666667,54,1,11,98,0,1
"774","saipunjabi",0,118.666666666667,45,1,41,98,0,1
"775","nduley",1,116.666666666667,51,3,49,50,1,1
"776","annebelle201525",0,123.666666666667,43,1,48,98,0,1
"777","vivekshaurya1",1,91.6666666666667,55,8,10,80,1,6
"778","dellservices",0,140.666666666667,48,4,76,50,4,0
"779","teamintergen",1,108.666666666667,59,1,49,2,0,0
"780","theneeds_work",0,114.666666666667,47,1,51,50,1,0
"781","angelawalters",1,114.866666666667,44,10,43,83.6,1,8
"782","jonnahurmerinta",0,127.666666666667,50,1,61,50,1,0
"783","essiesue89",0,131.666666666667,56,2,51,74,1,1
"784","mattjherrmann",0,99.6666666666667,44,1,23,98,0,1
"785","dianaesparzab",0,91.6666666666667,41,1,18,98,0,1
"786","marketingsherpa",0,152.666666666667,56,2,64,98,0,2
"787","akdabas",0,67.6666666666667,40,1,11,50,1,0
"788","gonzalsa",0,108.333333333333,48,3,33,82,1,2
"789","adobemktgcloud",2,143.666666666667,54,16,65,74,4,10
"790","ereindl",0,58,3.33333333333333,1,38,50,1,0
"791","itbusinessca",0,123.666666666667,54,1,53,50,1,0
"792","toddschauman",0,118.666666666667,47,2,47,74,1,1
"793","brandon_jung",0,97.6666666666667,57,1,24,50,1,0
"794","iotattack",0,137.666666666667,40,1,65,98,0,1
"795","wallaaa",0,78.6666666666667,47,1,15,50,1,0
"796","dmckinney",0,116.666666666667,54,1,46,50,1,0
"797","jeffsheehan",0,144.666666666667,48,1,80,50,1,0
"798","varunstech",0,94.6666666666667,54,2,16,74,1,1
"799","barbaraduke",0,126.666666666667,51,1,59,50,1,0
"800","dealership",0,59.4210526315789,1.75438596491228,1,41,50,1,0
"801","jess_at_3share",0,121.666666666667,44,1,45,98,0,1
"802","diganalytics_it",0,88.6666666666667,43,1,29,50,1,0
"803","montgomeryjenni",0,66.6666666666667,5,1,45,50,1,0
"804","nurywooz",0,89.6666666666667,59,1,14,50,1,0
"805","mmdeluna",1,89.6666666666667,50,3,23,50,1,1
"806","autowoven",0,101.666666666667,41,2,28,98,0,2
"807","endressanalytic",3,111.333333333333,49,36,43,58,24,9
"808","numberminds",0,109.666666666667,50,1,43,50,1,0
"809","adobesummit",0,95.5925925925926,0.925925925925926,1,62,98,0,1
"810","dondodge",0,162.666666666667,51,1,79,98,0,1
"811","bredamccague",0,104.666666666667,41,1,47,50,1,0
"812","mariacorcoran",0,115.666666666667,49,1,50,50,1,0
"813","paulcbrady",0,120.666666666667,48,1,40,98,0,1
"814","_everythingty",0,99.6666666666667,40,1,43,50,1,0
"815","fernandevanakin",0,78.8888888888889,2.22222222222222,1,44,98,0,1
"816","adobeindex",0,135.666666666667,54,1,49,98,0,1
"817","leodavies",0,117.666666666667,57,1,44,50,1,0
"818","axel_schaefer",3,118.719298245614,50,19,47,65.1578947368421,7,9
"819","411on311",0,98.6666666666667,44,1,38,50,1,0
"820","sbosque",0,120.666666666667,42,1,46,98,0,1
"821","onlinemarketeer",0,128.666666666667,48,1,64,50,1,0
"822","spiderqube",0,118.666666666667,42,1,60,50,1,0
"823","wiprodigital",2,107.466666666667,41,5,53,40.4,2,1
"824","vineetsuthan",1,60.9166666666667,11.25,1,49,2,0,0
"825","nacsua",0,114.666666666667,53,1,45,50,1,0
"826","soozymartin",0,113.666666666667,53,1,28,98,0,1
"827","raesmom11",1,123.666666666667,50,16,52,65,9,6
"828","pravin_adip",2,101.380952380952,43,7,44,43.1428571428571,4,1
"829","kroazdu",0,106.666666666667,44,1,46,50,1,0
"830","calebnate",0,136.666666666667,55,1,65,50,1,0
"831","rr4saas",0,53.3333333333333,1.66666666666667,1,35,50,1,0
"832","erinchristine_",0,109.666666666667,54,1,23,98,0,1
"833","mumbrella",1,74.3703703703704,3.7037037037037,1,70,2,0,0
"834","sampathmaddali",0,104.333333333333,55,3,22,82,1,2
"835","blvdbistroslc",0,67.6666666666667,40,1,11,50,1,0
"836","dryerson",1,68.6666666666667,49,1,19,2,0,0
"837","cathymcknight",0,119.666666666667,57,3,46,50,3,0
"838","lisaschmitt",0,95.6666666666667,44,2,27,74,1,1
"839","evgone",0,97.047619047619,2.38095238095238,1,62,98,0,1
"840","amandafclark",0,76.6666666666667,50,1,10,50,1,0
"841","nerdgirlinpdx",0,113.333333333333,44,3,42,82,1,2
"842","leeear",0,59,1.33333333333333,1,41,50,1,0
"843","prescottsayshuh",0,86.6666666666667,43,1,11,98,0,1
"844","demandbase",0,136.666666666667,42,1,62,98,0,1
"845","europeanchelsea",0,112.666666666667,45,1,51,50,1,0
"846","bukowski33",0,133.066666666667,46,5,64,69.2,3,2
"847","thugmetricsnews",1,114.666666666667,58,1,56,2,0,0
"848","devinhenkel",0,137.666666666667,60,2,53,74,1,1
"849","vampycatman",0,118.666666666667,45,1,57,50,1,0
"850","scene2003",0,105.666666666667,60,1,29,50,1,0
"851","commongeers",0,87.6666666666667,45,1,10,98,0,1
"852","maxyzdon",0,87.6666666666667,50,1,21,50,1,0
"853","kellyojdana",1,75.6666666666667,49,2,18,26,1,0
"854","bradyconsult",0,122.666666666667,48,1,42,98,0,1
"855","garethw51",0,80.6666666666667,44,1,20,50,1,0
"856","pastagardner",0,78.6666666666667,41,1,21,50,1,0
"857","nancyskoons",0,118,54,6,42,66,4,2
"858","missmariaseguin",0,128.666666666667,54,1,42,98,0,1
"859","_peregrine_",0,133.666666666667,47,1,54,98,0,1
"860","bill_ingram",0,126.333333333333,57,3,42,82,1,2
"861","exit3a",0,110.666666666667,59,1,35,50,1,0
"862","mattlawmanfai",0,109.666666666667,60,1,33,50,1,0
"863","bdelacretaz",0,116.666666666667,55,1,45,50,1,0
"864","rrynaa",0,104.666666666667,42,1,46,50,1,0
"865","n_easom",0,133.666666666667,56,2,45,98,0,2
"866","siliconslopes",0,69.0952380952381,1.42857142857143,1,51,50,1,0
"867","leeburnette",0,113.666666666667,59,1,38,50,1,0
"868","alexgarcia",0,146.666666666667,49,1,65,98,0,1
"869","ryanmachara",0,130.666666666667,50,1,48,98,0,1
"870","bekiweki",0,156.266666666667,56,5,74,78.8,2,3
"871","arylwatson",0,118.666666666667,55,1,47,50,1,0
"872","jamesgoddamit",0,111.666666666667,60,1,19,98,0,1
"873","resonatetweets",0,125.666666666667,48,1,45,98,0,1
"874","tweetchat",0,120.666666666667,45,1,59,50,1,0
"875","ianmcalvert",0,156.666666666667,51,1,73,98,0,1
"876","inm_",0,121.666666666667,58,1,31,98,0,1
"877","aseemchandra",0,107.666666666667,44,1,47,50,1,0
"878","lcrspain",1,119.666666666667,55,2,48,50,0,1
"879","kjmura_p",0,56.5555555555556,8.88888888888889,1,31,50,1,0
"880","beautytrend_",0,136.666666666667,57,1,47,98,0,1
"881","johnbbates",5,118.866666666667,58,20,41,59.6,6,9
"882","drapson",0,108.666666666667,42,1,34,98,0,1
"883","jmleray",1,88.6666666666667,41,1,47,2,0,0
"884","smartpandalabs",0,82.6666666666667,51,2,15,50,2,0
"885","john_capper",0,128.666666666667,58,1,54,50,1,0
"886","pr_dude_guy",1,101.666666666667,55,2,30,50,0,1
"887","denikaulitz_",0,96.6666666666667,44,1,36,50,1,0
"888","tombraybrook",0,102.666666666667,42,1,28,98,0,1
"889","mktg_free_trng",0,116.666666666667,43,1,57,50,1,0
"890","doanestephenson",0,47.2051282051282,1.53846153846154,1,29,50,1,0
"891","tristramcheer",1,68.6666666666667,50,1,18,2,0,0
"892","gigaponics",0,115.666666666667,42,1,41,98,0,1
"893","bluedevilpro",0,67.719298245614,1.05263157894737,1,34,98,0,1
"894","tinaniclosi",0,65.047619047619,2.38095238095238,1,30,98,0,1
"895","tps4",0,94.6666666666667,56,1,22,50,1,0
"896","paulhirigoyen",0,95.6666666666667,51,1,28,50,1,0
"897","jenpumpitup",0,117.666666666667,47,1,38,98,0,1
"898","jameslockman",0,107.666666666667,42,2,49,50,2,0
"899","terrelln",0,99.6666666666667,57,1,26,50,1,0
"900","pburanosky",0,128.666666666667,52,1,44,98,0,1
"901","holgermu",0,133.666666666667,50,1,67,50,1,0
"902","redpressures",0,130.666666666667,43,1,55,98,0,1
"903","syntasaco",0,133.666666666667,55,1,46,98,0,1
"904","tribeofnoisepro",0,112.666666666667,60,1,20,98,0,1
"905","drvikram",0,121.666666666667,44,1,61,50,1,0
"906","intra_net_work",1,92.6666666666667,49,1,43,2,0,0
"907","melaniesolomon",0,96.6666666666667,52,1,12,98,0,1
"908","6dimensions",0,107.666666666667,50,1,41,50,1,0
"909","perlguy9",0,119.666666666667,42,1,61,50,1,0
"910","geraldebner",0,72.2549019607843,10.5882352941176,1,29,98,0,1
"911","jccavalcante",0,108.666666666667,52,1,24,98,0,1
"912","timmacklenar",0,69.6666666666667,40,1,13,50,1,0
"913","craigbrownphd",0,154.666666666667,57,1,65,98,0,1
"914","jeffgreenhouse",0,114.666666666667,52,1,46,50,1,0
"915","hevsimpson1",0,83.6666666666667,54,1,13,50,1,0
"916","sregnifnet",0,97.6666666666667,40,1,25,98,0,1
"917","mrduke4",0,103.666666666667,42,1,29,98,0,1
"918","beck_herbert",0,120.666666666667,58,1,30,98,0,1
"919","josephfuerst",0,45.5185185185185,1.85185185185185,1,27,50,1,0
"920","adobewem",0,118.952380952381,45,7,55,56.8571428571429,6,1
"921","manjuchintamani",0,84.3333333333333,45,3,12,82,1,2
"922","andyvale",1,99.6666666666667,43,1,56,2,0,0
"923","seanloconnell",0,131.666666666667,53,1,46,98,0,1
"924","givelocal15",0,146.666666666667,60,1,54,98,0,1
"925","meladorri",0,130.666666666667,55,2,59,50,2,0
"926","megajustice",0,129.666666666667,56,1,57,50,1,0
"927","jamesagardner",0,131.666666666667,44,2,55,98,0,2
"928","azhreicb",0,115.666666666667,47,1,52,50,1,0
"929","jeremy1st",0,114.666666666667,41,1,57,50,1,0
"930","jentobennoble",0,103.666666666667,40,1,47,50,1,0
"931","nickjdonaldson",0,102.666666666667,48,1,38,50,1,0
"932","adobecampaign",0,109.666666666667,43,3,50,50,3,0
"933","dronemaniac",0,133.666666666667,48,1,53,98,0,1
"934","ryandwheeler",0,100.666666666667,43,2,33,74,1,1
"935","blwilliams11",0,124.666666666667,56,1,52,50,1,0
"936","manzo_david",1,89.6666666666667,43,1,46,2,0,0
"937","skyword",0,130.666666666667,52,2,62,50,2,0
"938","sivajiss",0,87.6666666666667,45,1,10,98,0,1
"939","heathwallace",0,92.2307692307692,2.56410256410256,1,57,98,0,1
"940","david_hubert1",0,76.6666666666667,43,1,17,50,1,0
"941","wilson_lopez",0,83.6666666666667,43,1,24,50,1,0
"942","healthegurl",0,128.666666666667,60,1,36,98,0,1
"943","adobedigitalpub",0,145.666666666667,55,1,58,98,0,1
"944","adobeads",0,121.666666666667,57,1,48,50,1,0
"945","sufood",0,99.6666666666667,46,1,21,98,0,1
